Episode,Video_Youtube
1,https://youtu.be/fyJr4CEKXkA
2,https://youtu.be/rc0Fl6Fs6X4
3,https://youtu.be/2KxjKWK_rdg
4,https://youtu.be/dRgOcrMnLWQ
5,https://youtu.be/thHay-4169o
6,https://youtu.be/34UzRxwr1Mc
7,https://youtu.be/f5JcMapB6Ro
8,https://youtu.be/JTOFo8VwbXc
9,https://youtu.be/jcm2-gAmuOY
10,https://youtu.be/j5HycOw2cuo
11,https://youtu.be/xPKYA3c3qbE
12,https://youtu.be/CrsWqDTWm4U
13,https://youtu.be/71y1sD5CD_s
14,https://youtu.be/GJJeF5kMPqQ
15,https://youtu.be/TFDf6sEukkg
16,https://youtu.be/9KHrxeI9LII
17,https://youtu.be/7Y19u5x1h6w
18,https://youtu.be/iRXC488cqQE
19,https://youtu.be/bQOwCLr2exw
20,https://youtu.be/Nl9U_brLCwo
